path,block,parcel,source_page_number
B1/B1_P3__photo1.jpg,1,3,8
B1/B1_P3__photo2.jpg,1,3,8
B1/B1_P4__photo1.jpg,1,4,12
B1/B1_P4__photo2.jpg,1,4,12
B1/B1_P5__photo1.jpg,1,5,16
B1/B1_P5__photo2.jpg,1,5,16
B1/B1_P6__photo1.jpg,1,6,20
B1/B1_P6__photo2.jpg,1,6,20
B1/B1_P7__photo1.jpg,1,7,24
B1/B1_P7__photo2.jpg,1,7,24
B1/B1_P7__photo3.jpg,1,7,25
B1/B1_P8__photo1.jpg,1,8,29
B1/B1_P8__photo2.jpg,1,8,29
B1/B1_P9__photo1.jpg,1,9,33
B1/B1_P9__photo2.jpg,1,9,33
B1/B1_P11__photo1.jpg,1,11,37
B1/B1_P11__photo2.jpg,1,11,37
B1/B1_P11__photo3.jpg,1,11,39
B1/B1_P11__photo4.jpg,1,11,39
B1/B1_P11__photo5.jpg,1,11,41
B1/B1_P11__photo6.jpg,1,11,41
B1/B1_P11__photo7.jpg,1,11,43
B1/B1_P11__photo8.jpg,1,11,43
B1/B1_P11__photo9.jpg,1,11,45
B1/B1_P11__photo10.jpg,1,11,45
B1/B1_P12__photo1.jpg,1,12,49
B1/B1_P12__photo2.jpg,1,12,49
B1/B1_P14__photo1.jpg,1,14,53
B1/B1_P14__photo2.jpg,1,14,53
B1/B1_P15__photo1.jpg,1,15,57
B1/B1_P15__photo2.jpg,1,15,57
B1/B1_P15__photo3.jpg,1,15,61
B1/B1_P15__photo4.jpg,1,15,61
B1/B1_P16__photo1.jpg,1,16,65
B1/B1_P16__photo2.jpg,1,16,65
B1/B1_P16__photo3.jpg,1,16,67
B1/B1_P16__photo4.jpg,1,16,67
B1/B1_P18__photo1.jpg,1,18,71
B1/B1_P18__photo2.jpg,1,18,71
B1/B1_P18__photo3.jpg,1,18,73
B1/B1_P18__photo4.jpg,1,18,73
B1/B1_P18__photo5.jpg,1,18,75
B1/B1_P18__photo6.jpg,1,18,75
B1/B1_P18__photo7.jpg,1,18,77
B1/B1_P18__photo8.jpg,1,18,77
B1/B1_P18__photo9.jpg,1,18,79
B1/B1_P19__photo1.jpg,1,19,84
B1/B1_P19__photo2.jpg,1,19,84
B1/B1_P19__photo3.jpg,1,19,86
B1/B1_P19__photo4.jpg,1,19,86
B1/B1_P19__photo5.jpg,1,19,88
B1/B1_P19__photo6.jpg,1,19,88
B1/B1_P19__photo7.jpg,1,19,90
B1/B1_P19__photo8.jpg,1,19,90
B1/B1_P19__photo9.jpg,1,19,92
B1/B1_P19__photo10.jpg,1,19,93
B1/B1_P19__photo11.jpg,1,19,93
B1/B1_P19__photo12.jpg,1,19,93
B1/B1_P19__photo13.jpg,1,19,95
B1/B1_P20__photo1.jpg,1,20,99
B1/B1_P20__photo2.jpg,1,20,99
B1/B1_P20__photo3.jpg,1,20,103
B1/B1_P20__photo4.jpg,1,20,103
B1/B1_P20__photo5.jpg,1,20,105
B1/B1_P20__photo6.jpg,1,20,105
B1/B1_P20__photo7.jpg,1,20,107
B1/B1_P20__photo8.jpg,1,20,107
B1/B1_P21__photo1.jpg,1,21,111
B1/B1_P21__photo2.jpg,1,21,111
B1/B1_P22__photo1.jpg,1,22,115
B1/B1_P22__photo2.jpg,1,22,115
B1/B1_P23__photo1.jpg,1,23,120
B1/B1_P23__photo2.jpg,1,23,120
B1/B1_P24__photo1.jpg,1,24,124
B1/B1_P24__photo2.jpg,1,24,124
B1/B1_P25__photo1.jpg,1,25,128
B1/B1_P25__photo2.jpg,1,25,128
B1/B1_P26__photo1.jpg,1,26,132
B1/B1_P26__photo2.jpg,1,26,132
B1/B1_P27__photo1.jpg,1,27,139
B1/B1_P27__photo2.jpg,1,27,139
B1/B1_P27__photo3.jpg,1,27,139
B1/B1_P28__photo1.jpg,1,28,141
B1/B1_P28__photo2.jpg,1,28,141
B1/B1_P29__photo1.jpg,1,29,145
B1/B1_P29__photo2.jpg,1,29,145
B1/B1_P30__photo1.jpg,1,30,149
B2/B2_P2A__photo1.jpg,2,2A,153
B2/B2_P3__photo1.jpg,2,3,157
B2/B2_P4__photo1.jpg,2,4,161
B2/B2_P4__photo2.jpg,2,4,161
B2/B2_P5__photo1.jpg,2,5,166
B2/B2_P6__photo1.jpg,2,6,171
B2/B2_P6__photo2.jpg,2,6,171
B2/B2_P6__photo3.jpg,2,6,173
B2/B2_P6__photo4.jpg,2,6,173
B2/B2_P7__photo1.jpg,2,7,177
B2/B2_P7__photo2.jpg,2,7,177
B2/B2_P8__photo1.jpg,2,8,181
B2/B2_P8__photo2.jpg,2,8,181
B2/B2_P9__photo1.jpg,2,9,183
B2/B2_P10__photo1.jpg,2,10,187
B2/B2_P10__photo2.jpg,2,10,187
B2/B2_P11__photo1.jpg,2,11,192
B2/B2_P12__photo1.jpg,2,12,194
B3/B3_P3__photo1.jpg,3,3,213
B3/B3_P3__photo2.jpg,3,3,213
B3/B3_P2A__photo1.jpg,3,2A,215
B3/B3_P2A__photo2.jpg,3,2A,215
B3/B3_P3__photo3.jpg,3,3,219
B3/B3_P3__photo4.jpg,3,3,219
B3/B3_P3__photo5.jpg,3,3,221
B3/B3_P3__photo6.jpg,3,3,221
B3/B3_P3__photo7.jpg,3,3,223
B3/B3_P3__photo8.jpg,3,3,223
B3/B3_P4__photo1.jpg,3,4,227
B3/B3_P4__photo2.jpg,3,4,227
B3/B3_P5__photo1.jpg,3,5,231
B3/B3_P5__photo2.jpg,3,5,231
B3/B3_P6__photo1.jpg,3,6,235
B3/B3_P6__photo2.jpg,3,6,235
B3/B3_P7__photo1.jpg,3,7,240
B3/B3_P7__photo2.jpg,3,7,240
B3/B3_P8__photo1.jpg,3,8,244
B3/B3_P8__photo2.jpg,3,8,244
B3/B3_P9__photo1.jpg,3,9,248
B3/B3_P9__photo2.jpg,3,9,248
B3/B3_P10__photo1.jpg,3,10,252
B3/B3_P10__photo2.jpg,3,10,252
B3/B3_P11__photo1.jpg,3,11,254
B3/B3_P11__photo2.jpg,3,11,254
B3/B3_P12__photo1.jpg,3,12,258
B3/B3_P12__photo2.jpg,3,12,258
B3/B3_P12__photo3.jpg,3,12,260
B3/B3_P12__photo4.jpg,3,12,260
B3/B3_P1__photo1.jpg,3,1,269
B3/B3_P1__photo2.jpg,3,1,269
B3/B3_P14__photo1.jpg,3,14,273
B3/B3_P14__photo2.jpg,3,14,273
B3/B3_P15__photo1.jpg,3,15,277
B3/B3_P15__photo2.jpg,3,15,277
B3/B3_P16__photo1.jpg,3,16,281
B3/B3_P16__photo2.jpg,3,16,281
B3/B3_P17__photo1.jpg,3,17,285
B3/B3_P17__photo2.jpg,3,17,285
B3/B3_P18__photo1.jpg,3,18,289
B3/B3_P18__photo2.jpg,3,18,289
B3/B3_P19__photo1.jpg,3,19,293
B3/B3_P19__photo2.jpg,3,19,293
B3/B3_P20__photo1.jpg,3,20,297
B3/B3_P20__photo2.jpg,3,20,297
B3/B3_P21__photo1.jpg,3,21,301
B3/B3_P21__photo2.jpg,3,21,301
B3/B3_P22__photo1.jpg,3,22,305
B3/B3_P22__photo2.jpg,3,22,305
B3/B3_P23__photo1.jpg,3,23,309
B3/B3_P23__photo2.jpg,3,23,309
B3/B3_P23__photo3.jpg,3,23,311
B3/B3_P23__photo4.jpg,3,23,311
B3/B3_P24__photo1.jpg,3,24,315
B3/B3_P24__photo2.jpg,3,24,315
B3/B3_P25__photo1.jpg,3,25,319
B3/B3_P25__photo2.jpg,3,25,319
B4/B4_P1__photo1.jpg,4,1,8
B4/B4_P1__photo2.jpg,4,1,9
B4/B4_P1__photo3.jpg,4,1,9
B4/B4_P1__photo4.jpg,4,1,9
B4/B4_P2__photo1.jpg,4,2,14
B4/B4_P2__photo2.jpg,4,2,14
B4/B4_P3__photo1.jpg,4,3,18
B4/B4_P3__photo2.jpg,4,3,18
B4/B4_P4__photo1.jpg,4,4,22
B4/B4_P4__photo2.jpg,4,4,22
B4/B4_P5__photo1.jpg,4,5,26
B4/B4_P5__photo2.jpg,4,5,26
B4/B4_P6__photo1.jpg,4,6,30
B4/B4_P6__photo2.jpg,4,6,31
B4/B4_P6__photo3.jpg,4,6,31
B4/B4_P6__photo4.jpg,4,6,31
B4/B4_P7__photo1.jpg,4,7,35
B4/B4_P7__photo2.jpg,4,7,35
B4/B4_P8__photo1.jpg,4,8,40
B4/B4_P8__photo2.jpg,4,8,40
B4/B4_P9__photo1.jpg,4,9,44
B4/B4_P9__photo2.jpg,4,9,44
B4/B4_P10__photo1.jpg,4,10,48
B4/B4_P10__photo2.jpg,4,10,48
B5/B5_P1__photo1.jpg,5,1,55
B5/B5_P1__photo2.jpg,5,1,57
B5/B5_P1__photo3.jpg,5,1,59
B5/B5_P2__photo1.jpg,5,2,63
B5/B5_P2__photo2.jpg,5,2,63
B5/B5_P3__photo1.jpg,5,3,67
B5/B5_P3__photo2.jpg,5,3,67
B5/B5_P4__photo1.jpg,5,4,72
B5/B5_P4__photo2.jpg,5,4,72
B5/B5_P5__photo1.jpg,5,5,76
B5/B5_P5__photo2.jpg,5,5,76
B5/B5_P6__photo1.jpg,5,6,80
B5/B5_P6__photo2.jpg,5,6,80
B5/B5_P7__photo1.jpg,5,7,84
B5/B5_P7__photo2.jpg,5,7,84
B5/B5_P8__photo1.jpg,5,8,88
B5/B5_P8__photo2.jpg,5,8,88
B5/B5_P9__photo1.jpg,5,9,90
B5/B5_P9__photo2.jpg,5,9,90
B5/B5_P10__photo1.jpg,5,10,94
B5/B5_P10__photo2.jpg,5,10,94
B5/B5_P11__photo1.jpg,5,11,98
B5/B5_P11__photo2.jpg,5,11,98
B5/B5_P12__photo1.jpg,5,12,102
B5/B5_P12__photo2.jpg,5,12,102
B5/B5_P13__photo1.jpg,5,13,107
B5/B5_P13__photo2.jpg,5,13,107
B5/B5_P13__photo3.jpg,5,13,109
B5/B5_P13__photo4.jpg,5,13,110
B5/B5_P13__photo5.jpg,5,13,110
B5/B5_P14__photo1.jpg,5,14,115
B5/B5_P14__photo2.jpg,5,14,115
B5/B5_P15__photo1.jpg,5,15,119
B5/B5_P15__photo2.jpg,5,15,119
B5/B5_P16__photo1.jpg,5,16,123
B5/B5_P16__photo2.jpg,5,16,123
B5/B5_P17__photo1.jpg,5,17,127
B5/B5_P17__photo2.jpg,5,17,127
B5/B5_P18__photo1.jpg,5,18,131
B5/B5_P18__photo2.jpg,5,18,131
B5/B5_P19__photo1.jpg,5,19,135
B5/B5_P20__photo1.jpg,5,20,139
B5/B5_P20__photo2.jpg,5,20,139
B5/B5_P22__photo1.jpg,5,22,147
B5/B5_P22__photo2.jpg,5,22,147
B5/B5_P23__photo1.jpg,5,23,153
B5/B5_P23__photo2.jpg,5,23,153
B5/B5_P23__photo3.jpg,5,23,155
B5/B5_P23__photo4.jpg,5,23,155
B5/B5_P24__photo1.jpg,5,24,160
B5/B5_P24__photo2.jpg,5,24,160
B5/B5_P26__photo1.jpg,5,26,165
B5/B5_P26__photo2.jpg,5,26,165
B5/B5_P27__photo1.jpg,5,27,171
B5/B5_P27__photo2.jpg,5,27,171
B5/B5_P28__photo1.jpg,5,28,175
B5/B5_P28__photo2.jpg,5,28,175
B5/B5_P28__photo3.jpg,5,28,177
B5/B5_P28__photo4.jpg,5,28,177
B5/B5_P29__photo1.jpg,5,29,181
B5/B5_P29__photo2.jpg,5,29,181
B5/B5_P30__photo1.jpg,5,30,185
B5/B5_P30__photo2.jpg,5,30,185
B5/B5_P30__photo3.jpg,5,30,187
B5/B5_P30__photo4.jpg,5,30,187
B5/B5_P31__photo1.jpg,5,31,192
B5/B5_P31__photo2.jpg,5,31,192
B5/B5_P31__photo3.jpg,5,31,194
B5/B5_P31__photo4.jpg,5,31,194
B5/B5_P32__photo1.jpg,5,32,200
B5/B5_P32__photo2.jpg,5,32,200
B5/B5_P33__photo1.jpg,5,33,206
B5/B5_P33__photo2.jpg,5,33,206
B5/B5_P34__photo1.jpg,5,34,210
B5/B5_P34__photo2.jpg,5,34,210
B5/B5_P35__photo1.jpg,5,35,214
B5/B5_P35__photo2.jpg,5,35,214
B5/B5_P36__photo1.jpg,5,36,218
B5/B5_P36__photo2.jpg,5,36,218
B6/B6_P1__photo1.jpg,6,1,224
B6/B6_P1__photo2.jpg,6,1,224
B6/B6_P2__photo1.jpg,6,2,228
B6/B6_P2__photo2.jpg,6,2,228
B6/B6_P3__photo1.jpg,6,3,232
B6/B6_P3__photo2.jpg,6,3,232
B6/B6_P19__photo1.jpg,6,19,234
B6/B6_P19__photo2.jpg,6,19,234
B6/B6_P19__photo3.jpg,6,19,236
B6/B6_P19__photo4.jpg,6,19,236
B6/B6_P4__photo1.jpg,6,4,240
B6/B6_P4__photo2.jpg,6,4,240
B6/B6_P5__photo1.jpg,6,5,244
B6/B6_P5__photo2.jpg,6,5,244
B6/B6_P5__photo3.jpg,6,5,246
B6/B6_P5__photo4.jpg,6,5,246
B6/B6_P6__photo1.jpg,6,6,253
B6/B6_P6__photo2.jpg,6,6,253
B6/B6_P7__photo1.jpg,6,7,255
B6/B6_P7__photo2.jpg,6,7,255
B6/B6_P8__photo1.jpg,6,8,259
B6/B6_P8__photo2.jpg,6,8,259
B6/B6_P9__photo1.jpg,6,9,265
B6/B6_P9__photo2.jpg,6,9,265
B6/B6_P10__photo1.jpg,6,10,269
B6/B6_P10__photo2.jpg,6,10,269
B6/B6_P10__photo3.jpg,6,10,271
B6/B6_P10__photo4.jpg,6,10,271
B6/B6_P10__photo5.jpg,6,10,273
B6/B6_P10__photo6.jpg,6,10,273
B6/B6_P11__photo1.jpg,6,11,277
B6/B6_P13__photo1.jpg,6,13,281
B6/B6_P13__photo2.jpg,6,13,281
B6/B6_P13__photo3.jpg,6,13,283
B6/B6_P13__photo4.jpg,6,13,283
B6/B6_P13__photo5.jpg,6,13,285
B6/B6_P13__photo6.jpg,6,13,285
B7/B7_P3__photo1.jpg,7,3,8
B7/B7_P3__photo2.jpg,7,3,8
B7/B7_P4__photo1.jpg,7,4,14
B7/B7_P4__photo2.jpg,7,4,14
B7/B7_P4__photo3.jpg,7,4,15
B7/B7_P4__photo4.jpg,7,4,21
B7/B7_P4__photo5.jpg,7,4,21
B7/B7_P4__photo6.jpg,7,4,22
B7/B7_P4__photo7.jpg,7,4,22
B7/B7_P4__photo8.jpg,7,4,22
B7/B7_P5__photo1.jpg,7,5,26
B7/B7_P5__photo2.jpg,7,5,26
B8/B8_P1__photo1.jpg,8,1,31
B8/B8_P1__photo2.jpg,8,1,31
B8/B8_P1__photo3.jpg,8,1,33
B8/B8_P1__photo4.jpg,8,1,33
B8/B8_P1__photo5.jpg,8,1,35
B8/B8_P1__photo6.jpg,8,1,35
B8/B8_P1__photo7.jpg,8,1,37
B8/B8_P1__photo8.jpg,8,1,37
B8/B8_P1__photo9.jpg,8,1,39
B8/B8_P1__photo10.jpg,8,1,39
B8/B8_P2__photo1.jpg,8,2,43
B8/B8_P2__photo2.jpg,8,2,43
B8/B8_P3__photo1.jpg,8,3,47
B8/B8_P3__photo2.jpg,8,3,48
B8/B8_P3__photo3.jpg,8,3,48
B8/B8_P4__photo1.jpg,8,4,54
B8/B8_P5__photo1.jpg,8,5,60
B8/B8_P5__photo2.jpg,8,5,60
B8/B8_P6__photo1.jpg,8,6,64
B8/B8_P6__photo2.jpg,8,6,64
B8/B8_P7__photo1.jpg,8,7,69
B8/B8_P7__photo2.jpg,8,7,69
B8/B8_P7__photo3.jpg,8,7,71
B8/B8_P7__photo4.jpg,8,7,71
B8/B8_P8__photo1.jpg,8,8,73
B8/B8_P8__photo2.jpg,8,8,73
B8/B8_P8__photo3.jpg,8,8,74
B8/B8_P9__photo1.jpg,8,9,78
B8/B8_P9__photo2.jpg,8,9,78
B8/B8_P11__photo1.jpg,8,11,81
B8/B8_P11__photo2.jpg,8,11,81
B8/B8_P11__photo3.jpg,8,11,81
B8/B8_P11__photo4.jpg,8,11,81
B8/B8_P11__photo5.jpg,8,11,83
B8/B8_P11__photo6.jpg,8,11,83
B8/B8_P10__photo1.jpg,8,10,87
B8/B8_P10__photo2.jpg,8,10,87
B8/B8_P12__photo1.jpg,8,12,92
B8/B8_P12__photo2.jpg,8,12,92
B8/B8_P12__photo3.jpg,8,12,94
B8/B8_P12__photo4.jpg,8,12,94
B8/B8_P12__photo5.jpg,8,12,96
B9/B9_P1__photo1.jpg,9,1,102
B9/B9_P1__photo2.jpg,9,1,102
B9/B9_P2__photo1.jpg,9,2,106
B9/B9_P2__photo2.jpg,9,2,106
B9/B9_P3__photo1.jpg,9,3,111
B9/B9_P3__photo2.jpg,9,3,111
B9/B9_P4__photo1.jpg,9,4,115
B9/B9_P4__photo2.jpg,9,4,115
B9/B9_P4__photo3.jpg,9,4,115
B9/B9_P5__photo1.jpg,9,5,119
B9/B9_P5__photo2.jpg,9,5,119
B9/B9_P6__photo1.jpg,9,6,123
B9/B9_P6__photo2.jpg,9,6,123
B9/B9_P6B__photo1.jpg,9,6B,127
B9/B9_P6B__photo2.jpg,9,6B,127
B9/B9_P7__photo1.jpg,9,7,132
B9/B9_P7__photo2.jpg,9,7,132
B9/B9_P8__photo1.jpg,9,8,136
B9/B9_P8__photo2.jpg,9,8,136
B9/B9_P9__photo1.jpg,9,9,140
B9/B9_P9__photo2.jpg,9,9,140
B9/B9_P10__photo1.jpg,9,10,142
B9/B9_P10__photo2.jpg,9,10,142
B10/B10_P2__photo1.jpg,10,2,149
B10/B10_P2__photo2.jpg,10,2,149
B10/B10_P2__photo3.jpg,10,2,152
B10/B10_P2__photo4.jpg,10,2,152
B10/B10_P4__photo1.jpg,10,4,154
B10/B10_P4__photo2.jpg,10,4,154
B10/B10_P24__photo1.jpg,10,24,156
B10/B10_P24__photo2.jpg,10,24,156
B10/B10_P24__photo3.jpg,10,24,158
B10/B10_P24__photo4.jpg,10,24,158
B10/B10_P3__photo1.jpg,10,3,162
B10/B10_P3__photo2.jpg,10,3,162
B10/B10_P5__photo1.jpg,10,5,176
B10/B10_P5__photo2.jpg,10,5,176
B10/B10_P5__photo3.jpg,10,5,177
B10/B10_P5__photo4.jpg,10,5,177
B10/B10_P5__photo5.jpg,10,5,178
B10/B10_P5__photo6.jpg,10,5,178
B10/B10_P5__photo7.jpg,10,5,179
B10/B10_P5__photo8.jpg,10,5,179
B10/B10_P5__photo9.jpg,10,5,180
B10/B10_P5__photo10.jpg,10,5,180
B10/B10_P5__photo11.jpg,10,5,181
B10/B10_P5__photo12.jpg,10,5,181
B10/B10_P5__photo13.jpg,10,5,182
B10/B10_P5__photo14.jpg,10,5,182
B10/B10_P5__photo15.jpg,10,5,183
B10/B10_P5__photo16.jpg,10,5,183
B10/B10_P7__photo1.jpg,10,7,188
B10/B10_P7__photo2.jpg,10,7,188
B10/B10_P8__photo1.jpg,10,8,192
B10/B10_P8__photo2.jpg,10,8,192
B10/B10_P9__photo1.jpg,10,9,196
B10/B10_P9__photo2.jpg,10,9,196
B10/B10_P10__photo1.jpg,10,10,200
B10/B10_P10__photo2.jpg,10,10,200
B10/B10_P10__photo3.jpg,10,10,202
B10/B10_P10__photo4.jpg,10,10,202
B10/B10_P11__photo1.jpg,10,11,206
B10/B10_P12__photo1.jpg,10,12,210
B10/B10_P12__photo2.jpg,10,12,210
B10/B10_P13__photo1.jpg,10,13,214
B10/B10_P13__photo2.jpg,10,13,214
B10/B10_P14__photo1.jpg,10,14,219
B10/B10_P14__photo2.jpg,10,14,219
B10/B10_P15__photo1.jpg,10,15,225
B10/B10_P15__photo2.jpg,10,15,225
B10/B10_P16__photo1.jpg,10,16,229
B10/B10_P16__photo2.jpg,10,16,229
B10/B10_P17__photo1.jpg,10,17,233
B10/B10_P17__photo2.jpg,10,17,233
B10/B10_P19__photo1.jpg,10,19,242
B10/B10_P19__photo2.jpg,10,19,242
B10/B10_P20__photo1.jpg,10,20,246
B10/B10_P20__photo2.jpg,10,20,246
B10/B10_P20__photo3.jpg,10,20,247
B10/B10_P20__photo4.jpg,10,20,247
B10/B10_P21__photo1.jpg,10,21,251
B10/B10_P21__photo2.jpg,10,21,251
B10/B10_P22__photo1.jpg,10,22,255
B10/B10_P22__photo2.jpg,10,22,255
B10/B10_P23__photo1.jpg,10,23,259
B11/B11_P1__photo1.jpg,11,1,8
B11/B11_P1__photo2.jpg,11,1,8
B11/B11_P1__photo3.jpg,11,1,8
B11/B11_P2__photo1.jpg,11,2,13
B11/B11_P2__photo2.jpg,11,2,13
B11/B11_P2__photo3.jpg,11,2,15
B11/B11_P2__photo4.jpg,11,2,15
B11/B11_P8__photo1.jpg,11,8,17
B11/B11_P8__photo2.jpg,11,8,17
B11/B11_P8__photo3.jpg,11,8,19
B11/B11_P8__photo4.jpg,11,8,19
B11/B11_P9__photo1.jpg,11,9,21
B11/B11_P9__photo2.jpg,11,9,21
B11/B11_P10__photo1.jpg,11,10,23
B11/B11_P10__photo2.jpg,11,10,23
B11/B11_P10__photo3.jpg,11,10,25
B11/B11_P10__photo4.jpg,11,10,25
B11/B11_P10__photo5.jpg,11,10,27
B11/B11_P10__photo6.jpg,11,10,27
B11/B11_P3__photo1.jpg,11,3,31
B11/B11_P3__photo2.jpg,11,3,31
B11/B11_P4__photo1.jpg,11,4,35
B11/B11_P4__photo2.jpg,11,4,35
B11/B11_P5__photo1.jpg,11,5,39
B11/B11_P6__photo1.jpg,11,6,44
B11/B11_P6__photo2.jpg,11,6,44
B11/B11_P7__photo1.jpg,11,7,50
B11/B11_P7__photo2.jpg,11,7,50
B12/B12_P1__photo1.jpg,12,1,55
B12/B12_P1__photo2.jpg,12,1,55
B12/B12_P1__photo3.jpg,12,1,57
B12/B12_P1__photo4.jpg,12,1,57
B12/B12_P27__photo1.jpg,12,27,59
B12/B12_P27__photo2.jpg,12,27,59
B12/B12_P2__photo1.jpg,12,2,63
B12/B12_P2__photo2.jpg,12,2,63
B12/B12_P3__photo1.jpg,12,3,67
B12/B12_P3__photo2.jpg,12,3,67
B12/B12_P4__photo1.jpg,12,4,71
B12/B12_P4__photo2.jpg,12,4,71
B12/B12_P4__photo3.jpg,12,4,72
B12/B12_P4__photo4.jpg,12,4,72
B12/B12_P5__photo1.jpg,12,5,76
B12/B12_P5__photo2.jpg,12,5,76
B12/B12_P6__photo1.jpg,12,6,80
B12/B12_P6__photo2.jpg,12,6,80
B12/B12_P7__photo1.jpg,12,7,84
B12/B12_P7__photo2.jpg,12,7,84
B12/B12_P8__photo1.jpg,12,8,88
B12/B12_P8__photo2.jpg,12,8,88
B12/B12_P9__photo1.jpg,12,9,92
B12/B12_P9__photo2.jpg,12,9,92
B12/B12_P10__photo1.jpg,12,10,96
B12/B12_P11__photo1.jpg,12,11,100
B12/B12_P11__photo2.jpg,12,11,100
B12/B12_P12__photo1.jpg,12,12,104
B12/B12_P12__photo2.jpg,12,12,104
B12/B12_P13__photo1.jpg,12,13,108
B12/B12_P13__photo2.jpg,12,13,108
B12/B12_P14__photo1.jpg,12,14,112
B12/B12_P14__photo2.jpg,12,14,112
B12/B12_P14__photo3.jpg,12,14,112
B12/B12_P14__photo4.jpg,12,14,114
B12/B12_P14__photo5.jpg,12,14,114
B12/B12_P15__photo1.jpg,12,15,118
B12/B12_P15__photo2.jpg,12,15,118
B12/B12_P15__photo3.jpg,12,15,120
B12/B12_P15__photo4.jpg,12,15,120
B12/B12_P16__photo1.jpg,12,16,124
B12/B12_P16__photo2.jpg,12,16,124
B12/B12_P17__photo1.jpg,12,17,128
B12/B12_P17__photo2.jpg,12,17,128
B12/B12_P18__photo1.jpg,12,18,130
B12/B12_P18__photo2.jpg,12,18,130
B12/B12_P18__photo3.jpg,12,18,132
B12/B12_P18__photo4.jpg,12,18,132
B12/B12_P19__photo1.jpg,12,19,136
B12/B12_P19__photo2.jpg,12,19,136
B12/B12_P20__photo1.jpg,12,20,140
B12/B12_P20__photo2.jpg,12,20,140
B12/B12_P21__photo1.jpg,12,21,144
B12/B12_P21__photo2.jpg,12,21,144
B12/B12_P22__photo1.jpg,12,22,148
B12/B12_P22__photo2.jpg,12,22,148
B12/B12_P23__photo1.jpg,12,23,152
B12/B12_P23__photo2.jpg,12,23,152
B12/B12_P24__photo1.jpg,12,24,156
B12/B12_P24__photo2.jpg,12,24,156
B12/B12_P25__photo1.jpg,12,25,160
B12/B12_P25__photo2.jpg,12,25,160
B12/B12_P26__photo1.jpg,12,26,164
B12/B12_P26__photo2.jpg,12,26,164
B12/B12_P28__photo1.jpg,12,28,168
B12/B12_P29__photo1.jpg,12,29,172
B12/B12_P29__photo2.jpg,12,29,172
B12/B12_P30__photo1.jpg,12,30,176
B12/B12_P30__photo2.jpg,12,30,176
B13/B13_P1__photo1.jpg,13,1,180
B13/B13_P1__photo2.jpg,13,1,180
B13/B13_P2__photo1.jpg,13,2,182
B13/B13_P2__photo2.jpg,13,2,182
B13/B13_P3__photo1.jpg,13,3,186
B13/B13_P3__photo2.jpg,13,3,186
B13/B13_P3__photo3.jpg,13,3,186
B14/B14_P1__photo1.jpg,14,1,190
B14/B14_P1__photo2.jpg,14,1,190
B14/B14_P1__photo3.jpg,14,1,192
B14/B14_P1__photo4.jpg,14,1,192
B14/B14_P1__photo5.jpg,14,1,194
B14/B14_P1__photo6.jpg,14,1,194
B14/B14_P2__photo1.jpg,14,2,198
B14/B14_P2__photo2.jpg,14,2,198
B14/B14_P3__photo1.jpg,14,3,202
B14/B14_P3__photo2.jpg,14,3,202
B14/B14_P4__photo1.jpg,14,4,206
B14/B14_P4__photo2.jpg,14,4,206
B14/B14_P5P6__photo1.jpg,14,"5,6",212
B14/B14_P5P6__photo2.jpg,14,"5,6",212
B14/B14_P7__photo1.jpg,14,7,215
B14/B14_P7__photo2.jpg,14,7,215
B14/B14_P7__photo3.jpg,14,7,215
B14/B14_P8__photo1.jpg,14,8,219
B14/B14_P8__photo2.jpg,14,8,219
B14/B14_P9__photo1.jpg,14,9,221
B14/B14_P9__photo2.jpg,14,9,221
B14/B14_P10__photo1.jpg,14,10,225
B14/B14_P10__photo2.jpg,14,10,225
B14/B14_P10__photo3.jpg,14,10,227
B14/B14_P10__photo4.jpg,14,10,227
B15/B15_P2__photo1.jpg,15,2,235
B15/B15_P2__photo2.jpg,15,2,235
B15/B15_P2__photo3.jpg,15,2,238
B15/B15_P2__photo4.jpg,15,2,238
B15/B15_P2__photo5.jpg,15,2,241
B15/B15_P2__photo6.jpg,15,2,243
B15/B15_P2__photo7.jpg,15,2,244
B15/B15_P2__photo8.jpg,15,2,244
B15/B15_P2__photo9.jpg,15,2,244
B15/B15_P2__photo10.jpg,15,2,246
B15/B15_P2__photo11.jpg,15,2,246
B15/B15_P2__photo12.jpg,15,2,247
B15/B15_P2__photo13.jpg,15,2,247
B15/B15_P2__photo14.jpg,15,2,247
B16/B16_P1__photo1.jpg,16,1,251
B16/B16_P1__photo2.jpg,16,1,251
B16/B16_P2__photo1.jpg,16,2,255
B16/B16_P4__photo1.jpg,16,4,259
B16/B16_P4__photo2.jpg,16,4,259
B16/B16_P4__photo3.jpg,16,4,261
B16/B16_P4__photo4.jpg,16,4,261
B16/B16_P7__photo1.jpg,16,7,265
B16/B16_P7__photo2.jpg,16,7,265
B16/B16_P8__photo1.jpg,16,8,269
B16/B16_P8__photo2.jpg,16,8,269
B16/B16_P9__photo1.jpg,16,9,273
B16/B16_P9__photo2.jpg,16,9,273
B16/B16_P10__photo1.jpg,16,10,277
B16/B16_P10__photo2.jpg,16,10,277
B17/B17_P1__photo1.jpg,17,1,7
B17/B17_P1__photo2.jpg,17,1,7
B17/B17_P2__photo1.jpg,17,2,11
B17/B17_P2__photo2.jpg,17,2,11
B17/B17_P3__photo1.jpg,17,3,15
B17/B17_P3__photo2.jpg,17,3,15
B17/B17_P5__photo1.jpg,17,5,21
B17/B17_P5__photo2.jpg,17,5,21
B17/B17_P5__photo3.jpg,17,5,21
B17/B17_P5__photo4.jpg,17,5,23
B17/B17_P5__photo5.jpg,17,5,23
B18/B18_P1__photo1.jpg,18,1,31
B18/B18_P2__photo1.jpg,18,2,33
B18/B18_P3__photo1.jpg,18,3,35
B18/B18_P3__photo2.jpg,18,3,35
B18/B18_P3__photo3.jpg,18,3,37
B18/B18_P3__photo4.jpg,18,3,37
B18/B18_P3__photo5.jpg,18,3,39
B18/B18_P4__photo1.jpg,18,4,43
B18/B18_P4__photo2.jpg,18,4,43
B18/B18_P4__photo3.jpg,18,4,45
B18/B18_P4__photo4.jpg,18,4,45
B18/B18_P6__photo1.jpg,18,6,49
B18/B18_P6__photo2.jpg,18,6,49
B18/B18_P7__photo1.jpg,18,7,53
B19/B19_P1__photo1.jpg,19,1,57
B19/B19_P2__photo1.jpg,19,2,63
B19/B19_P2__photo2.jpg,19,2,63
B19/B19_P2__photo3.jpg,19,2,65
B19/B19_P2__photo4.jpg,19,2,65
B19/B19_P3__photo1.jpg,19,3,71
B19/B19_P3__photo2.jpg,19,3,71
B19/B19_P4__photo1.jpg,19,4,73
B19/B19_P4__photo2.jpg,19,4,73
B19/B19_P6__photo1.jpg,19,6,75
B19/B19_P6__photo2.jpg,19,6,75
B19/B19_P7__photo1.jpg,19,7,77
B19/B19_P8__photo1.jpg,19,8,78
B19/B19_P8__photo2.jpg,19,8,78
B19/B19_P9__photo1.jpg,19,9,80
B19/B19_P9__photo2.jpg,19,9,80
B19/B19_P9__photo3.jpg,19,9,82
B19/B19_P9__photo4.jpg,19,9,82
B19/B19_P10__photo1.jpg,19,10,86
B19/B19_P11__photo1.jpg,19,11,90
B19/B19_P11__photo2.jpg,19,11,90
B19/B19_P12__photo1.jpg,19,12,95
B19/B19_P12__photo2.jpg,19,12,95
B19/B19_P13__photo1.jpg,19,13,99
B19/B19_P13__photo2.jpg,19,13,99
B20/B20_P1__photo1.jpg,20,1,103
B20/B20_P2__photo1.jpg,20,2,110
B20/B20_P2__photo2.jpg,20,2,110
B20/B20_P3__photo1.jpg,20,3,115
B20/B20_P3__photo2.jpg,20,3,115
B20/B20_P4__photo1.jpg,20,4,119
B20/B20_P4__photo2.jpg,20,4,119
B20/B20_P5__photo1.jpg,20,5,123
B20/B20_P5__photo2.jpg,20,5,123
B20/B20_P6__photo1.jpg,20,6,127
B20/B20_P6__photo2.jpg,20,6,127
B20/B20_P7__photo1.jpg,20,7,131
B20/B20_P7__photo2.jpg,20,7,131
B20/B20_P9__photo1.jpg,20,9,141
B20/B20_P9__photo2.jpg,20,9,141
B20/B20_P10__photo1.jpg,20,10,145
B20/B20_P10__photo2.jpg,20,10,145
B21/B21_P1__photo1.jpg,21,1,149
B21/B21_P1__photo2.jpg,21,1,149
B21/B21_P3__photo1.jpg,21,3,158
B21/B21_P3__photo2.jpg,21,3,158
B21/B21_P5__photo1.jpg,21,5,163
B21/B21_P5__photo2.jpg,21,5,163
B21/B21_P5__photo3.jpg,21,5,165
B21/B21_P5__photo4.jpg,21,5,165
B21/B21_P5__photo5.jpg,21,5,167
B21/B21_P5__photo6.jpg,21,5,167
B22/B22_P1__photo1.jpg,22,1,175
B22/B22_P1__photo2.jpg,22,1,175
B22/B22_P2__photo1.jpg,22,2,179
B22/B22_P2__photo2.jpg,22,2,179
B22/B22_P2__photo3.jpg,22,2,181
B22/B22_P2__photo4.jpg,22,2,181
B22/B22_P3__photo1.jpg,22,3,186
B22/B22_P3__photo2.jpg,22,3,186
B22/B22_P4__photo1.jpg,22,4,192
B22/B22_P4__photo2.jpg,22,4,192
B22/B22_P5__photo1.jpg,22,5,196
B22/B22_P5__photo2.jpg,22,5,196
B22/B22_P6__photo1.jpg,22,6,202
B22/B22_P7__photo1.jpg,22,7,207
B22/B22_P8__photo1.jpg,22,8,211
B22/B22_P8__photo2.jpg,22,8,211
B22/B22_P9__photo1.jpg,22,9,215
B22/B22_P9__photo2.jpg,22,9,215
B22/B22_P9__photo3.jpg,22,9,217
B22/B22_P9__photo4.jpg,22,9,217
B23/B23_P1__photo1.jpg,23,1,221
B23/B23_P1__photo2.jpg,23,1,221
B23/B23_P5__photo1.jpg,23,5,225
B24/B24_P1__photo1.jpg,24,1,6
B24/B24_P1__photo2.jpg,24,1,6
B24/B24_P2__photo1.jpg,24,2,10
B24/B24_P2__photo2.jpg,24,2,10
B24/B24_P4__photo1.jpg,24,4,28
B24/B24_P4__photo2.jpg,24,4,28
B24/B24_P4__photo3.jpg,24,4,28
B24/B24_P6__photo1.jpg,24,6,34
B24/B24_P6__photo2.jpg,24,6,34
B24/B24_P7__photo1.jpg,24,7,39
B24/B24_P7__photo2.jpg,24,7,39
B25/B25_P1__photo1.jpg,25,1,44
B25/B25_P1__photo2.jpg,25,1,44
B25/B25_P2__photo1.jpg,25,2,48
B25/B25_P3__photo1.jpg,25,3,52
B25/B25_P3__photo2.jpg,25,3,52
B25/B25_P4__photo1.jpg,25,4,57
B25/B25_P4__photo2.jpg,25,4,57
B25/B25_P4A__photo1.jpg,25,4A,61
B25/B25_P5__photo1.jpg,25,5,68
B25/B25_P5__photo2.jpg,25,5,68
B25/B25_P6__photo1.jpg,25,6,72
B25/B25_P7__photo1.jpg,25,7,79
B25/B25_P7__photo2.jpg,25,7,79
B25/B25_P8__photo1.jpg,25,8,87
B25/B25_P8__photo2.jpg,25,8,87
B25/B25_P8__photo3.jpg,25,8,88
B25/B25_P8__photo4.jpg,25,8,88
B25/B25_P10__photo1.jpg,25,10,90
B25/B25_P10__photo2.jpg,25,10,90
B25/B25_P9__photo1.jpg,25,9,95
B25/B25_P9__photo2.jpg,25,9,96
B25/B25_P9__photo3.jpg,25,9,96
B25/B25_P11__photo1.jpg,25,11,100
B25/B25_P11__photo2.jpg,25,11,100
B27/B27_P1__photo1.jpg,27,1,105
B28/B28_P1__photo1.jpg,28,1,109
B28/B28_P2__photo1.jpg,28,2,114
B28/B28_P2__photo2.jpg,28,2,114
B28/B28_P3__photo1.jpg,28,3,118
B28/B28_P4P5__photo1.jpg,28,"4,5",123
B28/B28_P4P5__photo2.jpg,28,"4,5",123
B28/B28_P4P5__photo3.jpg,28,"4,5",123
B28/B28_P6__photo1.jpg,28,6,129
B28/B28_P6__photo2.jpg,28,6,129
B28/B28_P6__photo3.jpg,28,6,130
B28/B28_P7__photo1.jpg,28,7,134
B30/B30_P1__photo1.jpg,30,1,142
B30/B30_P1__photo2.jpg,30,1,142
B30/B30_P1__photo3.jpg,30,1,142
B30/B30_P1__photo4.jpg,30,1,143
B30/B30_P1__photo5.jpg,30,1,143
B30/B30_P1__photo6.jpg,30,1,146
B30/B30_P1__photo7.jpg,30,1,146
B30/B30_P1__photo8.jpg,30,1,148
B30/B30_P1__photo9.jpg,30,1,148
B30/B30_P2__photo1.jpg,30,2,154
B30/B30_P2__photo2.jpg,30,2,154
B30/B30_P2__photo3.jpg,30,2,154
B2A/B2A_P1__photo1.jpg,2A,1,199
B2A/B2A_P1__photo2.jpg,2A,1,199
B2A/B2A_P1__photo3.jpg,2A,1,199
B2A/B2A_P1__photo4.jpg,2A,1,201
B2A/B2A_P2__photo1.jpg,2A,2,205
B2A/B2A_P4__photo1.jpg,2A,4,211
B2A/B2A_P4__photo2.jpg,2A,4,211
B2A/B2A_P4__photo3.jpg,2A,4,212
